User-ID;ISBN;Book-Rating
252;1;3
404;1;1
486;1;1
542;1;3
543;1;1
671;1;1
769;1;1
871;1;1
931;1;1
943;1;2
965;1;1
1052;1;1
1116;1;1
1207;1;1
1310;1;1
1674;1;1
1700;1;3
1960;1;3
1973;1;1
2005;1;1
2082;1;3
2091;1;1
2141;1;1
2221;1;1
2327;1;1
2453;1;2
2489;1;1
2509;1;1
2569;1;1
2823;1;1
2902;1;1
3051;1;2
3069;1;1
3081;1;1
3132;1;1
3433;1;1
3594;1;1
3751;1;1
3842;1;1
3862;1;1
3873;1;1
4228;1;1
4300;1;1
4343;1;1
4346;1;1
4363;1;1
4405;1;1
4710;1;1
4788;1;1
4877;1;1
5501;1;1
5582;1;1
5594;1;1
5655;1;1
5753;1;1
6031;1;1
6059;1;1
6075;1;1
6150;1;1
6321;1;1
6430;1;1
6728;1;1
6851;1;2
7047;1;3
7048;1;2
7061;1;1
7066;1;1
7068;1;1
7069;1;1
7159;1;1
7664;1;1
7689;1;1
252;2;2
404;2;1
486;2;1
542;2;1
543;2;1
965;2;1
1207;2;1
1633;2;2
1674;2;3
1700;2;1
1960;2;2
2082;2;3
2091;2;1
2221;2;1
2327;2;1
2452;2;2
2453;2;2
2489;2;1
2970;2;1
3051;2;3
3433;2;1
3594;2;1
3917;2;1
4228;2;2
4300;2;1
4343;2;1
4346;2;1
4405;2;1
4857;2;1
4877;2;1
5582;2;1
5594;2;1
5729;2;1
5753;2;1
6075;2;1
6321;2;1
6427;2;1
6713;2;1
6728;2;1
6851;2;1
7047;2;1
7048;2;2
7058;2;4
7068;2;1
395;3;1
544;3;1
924;3;1
1579;3;1
1603;3;1
1700;3;2
2436;3;1
2492;3;1
3674;3;2
4344;3;1
5341;3;2
5785;3;1
7079;3;1
34;4;1
164;4;1
389;4;1
395;4;1
543;4;3
592;4;1
653;4;1
753;4;2
801;4;1
965;4;1
991;4;1
1058;4;1
1255;4;1
1359;4;1
1378;4;1
1467;4;2
1640;4;2
1674;4;2
1700;4;2
1806;4;1
1888;4;1
2005;4;1
2082;4;2
2091;4;1
2093;4;1
2453;4;8
2569;4;1
2724;4;1
2830;4;1
2865;4;1
2891;4;1
3051;4;3
3210;4;1
3253;4;1
3438;4;1
3540;4;2
3594;4;1
3873;4;1
4022;4;1
4040;4;1
4059;4;1
4236;4;1
4307;4;2
4343;4;1
4346;4;1
4390;4;2
4844;4;1
4877;4;2
5191;4;2
5228;4;1
5231;4;1
5419;4;1
5462;4;1
5508;4;1
5582;4;1
5753;4;1
6023;4;1
6202;4;1
6393;4;1
6398;4;1
6423;4;1
6430;4;1
6770;4;1
6836;4;1
7047;4;1
7061;4;1
7069;4;1
7420;4;1
459;5;1
543;5;3
965;5;1
1633;5;2
1674;5;3
1700;5;1
2005;5;1
2091;5;1
2093;5;1
2453;5;4
2569;5;1
2830;5;1
3594;5;1
3767;5;1
4064;5;1
4151;5;1
4236;5;1
4343;5;1
4346;5;1
4722;5;1
4769;5;1
4877;5;1
5223;5;1
5228;5;1
5419;5;1
5582;5;1
5594;5;1
5753;5;1
5917;5;1
6851;5;4
7046;5;1
7047;5;1
7634;5;1
334;6;1
965;6;1
1700;6;1
6963;6;2
7047;6;1
7059;6;1
965;7;2
1700;7;1
1840;7;1
3049;7;2
6963;7;2
7047;7;2
7059;7;2
37;8;1
81;8;1
142;8;1
228;8;1
252;8;7
260;8;2
404;8;1
417;8;1
485;8;2
486;8;2
543;8;2
548;8;1
674;8;1
753;8;1
769;8;1
824;8;1
955;8;2
965;8;1
1091;8;2
1114;8;1
1255;8;1
1284;8;1
1335;8;1
1359;8;1
1389;8;2
1397;8;1
1516;8;1
1533;8;1
1580;8;1
1620;8;1
1672;8;1
1674;8;2
1700;8;2
1894;8;1
1902;8;1
1952;8;2
1960;8;3
1973;8;1
1982;8;1
2005;8;1
2082;8;1
2091;8;1
2092;8;1
2093;8;1
2141;8;1
2190;8;1
2293;8;1
2402;8;1
2452;8;1
2489;8;1
2569;8;1
2799;8;2
2830;8;1
2865;8;1
2970;8;1
3005;8;1
3051;8;4
3070;8;1
3176;8;1
3207;8;1
3210;8;1
3378;8;1
3380;8;1
3433;8;1
3438;8;1
3594;8;1
3674;8;1
3698;8;1
3783;8;2
3862;8;1
3944;8;1
4228;8;1
4236;8;1
4300;8;1
4307;8;1
4338;8;1
4343;8;1
4346;8;1
4400;8;1
4584;8;1
4658;8;2
4741;8;1
4783;8;1
4790;8;1
4877;8;2
4890;8;1
4900;8;1
5231;8;1
5240;8;1
5316;8;1
5341;8;1
5399;8;1
5427;8;1
5490;8;3
5570;8;1
5594;8;1
5600;8;1
5699;8;1
5753;8;1
5806;8;1
5946;8;1
5970;8;1
6321;8;1
6325;8;2
6429;8;1
6430;8;1
6482;8;1
6841;8;1
6851;8;2
6910;8;1
6940;8;1
7047;8;8
7048;8;5
7058;8;3
7061;8;1
7069;8;1
7144;8;1
7546;8;1
7559;8;1
7759;8;1
7766;8;1
37;9;1
231;9;1
404;9;1
486;9;2
543;9;3
650;9;1
783;9;1
898;9;1
955;9;1
965;9;1
1091;9;3
1294;9;1
1633;9;2
1700;9;3
1894;9;1
1902;9;1
1960;9;3
2005;9;1
2091;9;1
2093;9;1
2221;9;1
2452;9;1
2569;9;1
2830;9;1
3051;9;4
3176;9;1
3339;9;1
3378;9;2
3380;9;1
3433;9;1
3594;9;1
3767;9;4
3917;9;1
3949;9;1
4236;9;1
4300;9;1
4343;9;1
4344;9;1
4346;9;1
4379;9;1
4399;9;1
4877;9;2
5240;9;1
5399;9;1
5594;9;1
5648;9;1
5806;9;1
5946;9;1
6325;9;1
6427;9;1
6728;9;1
6851;9;2
6940;9;1
7047;9;6
7048;9;5
7058;9;3
7060;9;1
7546;9;1
7559;9;1
37;10;2
228;10;1
965;10;1
1674;10;1
1700;10;2
1766;10;1
1902;10;1
1960;10;3
2093;10;1
2452;10;2
2569;10;1
2766;10;1
3051;10;4
3378;10;3
3594;10;1
3767;10;1
4877;10;1
5240;10;1
5594;10;1
5870;10;1
7047;10;5
7048;10;4
7061;10;1
7310;10;1
965;11;1
1674;11;1
1700;11;1
1960;11;2
2091;11;1
2306;11;1
2452;11;4
2569;11;1
4343;11;1
4877;11;1
5048;11;2
5223;11;1
5594;11;2
6963;11;2
7061;11;2
143;12;1
252;12;12
544;12;1
547;12;1
802;12;1
1417;12;1
1598;12;1
1700;12;3
2091;12;1
2332;12;1
2553;12;2
2654;12;1
2662;12;1
2700;12;1
2927;12;1
3433;12;1
3698;12;2
4082;12;1
4180;12;2
4214;12;1
4228;12;1
4344;12;1
4477;12;1
4489;12;1
4738;12;1
4783;12;1
4814;12;1
4898;12;1
5160;12;1
5341;12;1
5354;12;1
5582;12;1
5743;12;1
5999;12;1
6634;12;1
6639;12;1
6713;12;1
7004;12;1
7047;12;1
7048;12;5
7065;12;1
7069;12;1
7083;12;1
7390;12;1
7559;12;1
7766;12;1
34;13;1
37;13;1
89;13;1
228;13;1
252;13;5
285;13;1
381;13;1
384;13;1
389;13;1
395;13;2
404;13;2
485;13;1
486;13;1
525;13;1
542;13;3
543;13;3
547;13;1
548;13;1
553;13;1
592;13;1
617;13;1
619;13;1
622;13;2
653;13;2
667;13;2
674;13;1
696;13;2
753;13;2
769;13;1
783;13;1
786;13;1
824;13;1
871;13;1
898;13;1
931;13;1
965;13;1
987;13;1
991;13;1
1091;13;5
1116;13;1
1207;13;1
1255;13;1
1294;13;1
1310;13;1
1324;13;1
1359;13;1
1389;13;1
1439;13;2
1440;13;1
1449;13;1
1467;13;2
1474;13;1
1516;13;1
1537;13;1
1550;13;1
1633;13;2
1639;13;1
1641;13;1
1672;13;2
1673;13;1
1674;13;4
1700;13;4
1888;13;1
1894;13;1
1902;13;1
1940;13;1
1960;13;4
1973;13;1
1993;13;3
2014;13;2
2082;13;2
2091;13;1
2092;13;1
2093;13;1
2190;13;1
2293;13;1
2327;13;1
2332;13;1
2444;13;1
2452;13;2
2453;13;2
2489;13;1
2498;13;1
2509;13;1
2528;13;2
2822;13;2
2865;13;1
2891;13;1
2970;13;1
3051;13;4
3070;13;1
3081;13;1
3100;13;1
3102;13;1
3176;13;1
3207;13;2
3210;13;1
3239;13;1
3253;13;1
3333;13;1
3339;13;1
3340;13;1
3378;13;2
3380;13;1
3433;13;1
3494;13;1
3540;13;1
3594;13;1
3606;13;1
3717;13;1
3748;13;1
3767;13;2
3783;13;1
3862;13;1
3867;13;1
3873;13;2
3884;13;3
3944;13;1
4135;13;3
4228;13;2
4231;13;1
4236;13;2
4300;13;1
4307;13;2
4344;13;1
4346;13;1
4347;13;1
4468;13;1
4533;13;1
4578;13;1
4658;13;1
4741;13;1
4783;13;1
4788;13;1
4832;13;1
4857;13;1
4877;13;1
4890;13;1
5038;13;1
5048;13;1
5228;13;2
5229;13;1
5240;13;2
5288;13;1
5308;13;2
5316;13;1
5341;13;1
5354;13;1
5416;13;1
5419;13;1
5468;13;1
5489;13;2
5517;13;1
5526;13;1
5582;13;1
5587;13;1
5594;13;1
5601;13;1
5699;13;1
5729;13;1
5753;13;1
5776;13;1
5823;13;1
5859;13;1
5970;13;1
5979;13;1
6031;13;1
6059;13;1
6150;13;1
6202;13;1
6321;13;1
6325;13;1
6391;13;1
6399;13;1
6427;13;1
6429;13;1
6430;13;1
6453;13;1
6482;13;1
6551;13;1
6621;13;1
6634;13;3
6661;13;1
6671;13;1
6728;13;1
6761;13;1
6841;13;1
6844;13;1
6851;13;4
6912;13;1
6914;13;1
6940;13;1
7046;13;1
7047;13;7
7048;13;5
7051;13;1
7058;13;4
7061;13;1
7068;13;1
7069;13;3
7079;13;1
7144;13;1
7207;13;1
7306;13;1
7343;13;1
7420;13;1
7428;13;1
7559;13;1
7634;13;1
7657;13;1
7685;13;1
7759;13;1
109;14;1
142;14;1
228;14;1
231;14;1
417;14;1
459;14;1
485;14;1
486;14;2
543;14;2
592;14;1
617;14;1
667;14;2
753;14;1
783;14;1
965;14;1
991;14;1
1091;14;2
1116;14;1
1255;14;1
1294;14;1
1633;14;2
1639;14;1
1673;14;1
1674;14;3
1700;14;2
1766;14;1
1823;14;1
1840;14;2
1894;14;1
1902;14;1
1960;14;9
2014;14;1
2091;14;1
2271;14;1
2452;14;1
2453;14;3
2489;14;1
2509;14;1
2700;14;1
2970;14;1
3051;14;4
3176;14;1
3210;14;1
3339;14;1
3340;14;1
3378;14;3
3380;14;1
3433;14;1
3594;14;1
3690;14;1
3767;14;2
3783;14;1
3867;14;1
3884;14;2
3917;14;1
3944;14;1
4135;14;3
4180;14;1
4228;14;1
4236;14;1
4300;14;1
4343;14;1
4346;14;1
4379;14;1
4399;14;1
4857;14;1
4877;14;1
5048;14;1
5228;14;2
5240;14;1
5308;14;1
5341;14;2
5399;14;1
5419;14;1
5501;14;1
5517;14;1
5526;14;1
5594;14;1
5753;14;1
5859;14;1
5946;14;1
5967;14;1
6059;14;1
6321;14;1
6325;14;1
6391;14;1
6427;14;1
6429;14;1
6482;14;1
6551;14;1
6713;14;1
6851;14;4
6912;14;1
6938;14;1
6963;14;1
7046;14;1
7047;14;10
7048;14;4
7051;14;2
7058;14;3
7061;14;4
7068;14;1
7079;14;1
7145;14;1
7159;14;1
7310;14;1
7634;14;1
667;15;1
965;15;1
1674;15;1
1766;15;1
1960;15;2
2091;15;1
2093;15;1
2452;15;1
2766;15;1
3051;15;3
3210;15;1
3594;15;1
4769;15;1
4877;15;1
5228;15;2
5240;15;1
5594;15;1
5870;15;1
7047;15;5
7048;15;2
7079;15;1
7051;16;2
5594;17;1
5594;18;1
89;19;1
142;19;1
172;19;1
213;19;1
228;19;1
252;19;6
260;19;1
340;19;1
384;19;1
395;19;1
490;19;1
542;19;3
543;19;2
544;19;1
623;19;1
667;19;1
671;19;1
674;19;3
696;19;1
786;19;1
821;19;2
931;19;2
965;19;1
987;19;1
1010;19;2
1091;19;4
1114;19;1
1134;19;1
1207;19;1
1294;19;1
1310;19;1
1324;19;1
1335;19;1
1474;19;1
1580;19;1
1605;19;1
1633;19;1
1639;19;1
1674;19;2
1700;19;2
1714;19;1
1722;19;1
1744;19;1
1766;19;1
1806;19;1
1960;19;4
1982;19;1
1993;19;3
2007;19;1
2014;19;1
2082;19;1
2091;19;1
2141;19;1
2306;19;1
2333;19;1
2390;19;1
2402;19;1
2452;19;1
2453;19;3
2515;19;1
2662;19;1
2670;19;1
2724;19;1
2822;19;2
2823;19;1
2854;19;1
2902;19;1
3005;19;1
3051;19;4
3069;19;1
3070;19;1
3102;19;1
3176;19;1
3353;19;1
3378;19;3
3540;19;1
3717;19;1
3751;19;1
3767;19;1
3783;19;1
3862;19;1
3867;19;1
4059;19;1
4163;19;1
4236;19;2
4307;19;3
4344;19;1
4347;19;1
4390;19;1
4420;19;1
4444;19;1
4533;19;1
4557;19;1
4577;19;1
4578;19;1
4595;19;2
4658;19;1
4684;19;1
4741;19;2
4788;19;1
4906;19;2
5048;19;1
5191;19;1
5288;19;1
5316;19;1
5375;19;1
5422;19;1
5489;19;3
5501;19;1
5601;19;1
5655;19;1
5776;19;1
5823;19;1
6057;19;2
6071;19;1
6140;19;1
6150;19;1
6191;19;1
6266;19;2
6267;19;1
6321;19;1
6379;19;1
6391;19;1
6399;19;1
6400;19;1
6429;19;1
6482;19;1
6547;19;1
6570;19;1
6621;19;1
6636;19;1
6761;19;1
6770;19;1
6798;19;1
6844;19;1
6851;19;3
6914;19;1
6933;19;1
6938;19;1
7047;19;7
7048;19;4
7058;19;2
7069;19;2
7079;19;1
7132;19;1
7306;19;1
7420;19;1
7546;19;1
7548;19;1
7559;19;1
7657;19;4
7664;19;1
7667;19;1
7759;19;1
209;20;1
232;20;1
539;20;1
543;20;1
798;20;1
1054;20;1
1110;20;1
1535;20;1
1579;20;1
1700;20;9
1959;20;1
2082;20;2
2089;20;1
2092;20;1
3045;20;1
3051;20;2
3176;20;1
3359;20;1
3361;20;1
3674;20;1
3698;20;2
3819;20;1
4064;20;1
4135;20;1
4228;20;1
4245;20;1
4379;20;1
4535;20;1
4584;20;1
4929;20;1
5212;20;1
5341;20;1
5446;20;1
5685;20;1
5917;20;1
6524;20;1
6739;20;1
6890;20;1
7047;20;6
7048;20;5
7051;20;1
7054;20;2
7058;20;1
7061;20;3
7290;20;1
7325;20;2
7766;20;1
922;21;1
1579;21;1
1700;21;5
2082;21;1
2089;21;1
2092;21;1
2444;21;2
2804;21;1
2845;21;1
3124;21;1
3380;21;1
3698;21;1
4064;21;1
4399;21;1
5446;21;1
5663;21;1
5685;21;1
6637;21;1
6713;21;1
7047;21;2
7048;21;3
7051;21;1
7061;21;1
7263;21;1
7766;21;1
5;22;1
11;22;1
209;22;1
231;22;1
232;22;1
486;22;2
539;22;1
543;22;2
558;22;1
1054;22;1
1110;22;2
1294;22;1
1507;22;1
1535;22;1
1579;22;1
1637;22;1
1639;22;1
1699;22;1
1700;22;7
2082;22;1
2089;22;1
2092;22;1
2221;22;1
2436;22;1
2569;22;1
2700;22;1
3051;22;2
3176;22;1
3361;22;1
3380;22;1
3698;22;1
4064;22;1
4135;22;4
4228;22;1
4245;22;1
4379;22;1
4410;22;1
4929;22;1
5212;22;1
5253;22;1
5446;22;1
5896;22;1
6307;22;1
6391;22;1
6700;22;1
6713;22;1
6739;22;1
7047;22;4
7048;22;4
7051;22;1
7061;22;1
544;23;1
922;23;1
1038;23;1
1579;23;1
1700;23;4
2082;23;2
2089;23;1
2092;23;1
2436;23;1
2845;23;1
3051;23;1
3380;23;1
3593;23;1
4064;23;1
4228;23;1
4344;23;1
4399;23;1
5446;23;1
5663;23;1
5685;23;1
6713;23;1
6832;23;1
7047;23;3
7048;23;4
7051;23;1
7052;23;1
7061;23;3
7159;23;1
7263;23;1
34;24;1
77;24;1
195;24;1
231;24;1
399;24;1
433;24;1
617;24;1
783;24;1
1255;24;1
1305;24;1
1439;24;2
1674;24;3
2082;24;1
2091;24;1
2123;24;1
2452;24;2
2453;24;2
2528;24;1
2922;24;1
3207;24;1
3674;24;1
3690;24;1
4228;24;1
4346;24;1
4379;24;1
4785;24;1
4844;24;1
4877;24;1
5354;24;1
5594;24;1
5729;24;1
5753;24;1
6075;24;1
6150;24;1
6321;24;1
6410;24;1
6427;24;1
6429;24;1
6551;24;1
7047;24;2
7058;24;1
7068;24;1
7132;24;1
7159;24;1
543;25;3
783;25;1
1674;25;3
1766;25;1
1948;25;1
2005;25;1
2091;25;1
2452;25;2
2453;25;1
2922;25;1
3051;25;2
3378;25;3
3767;25;1
4228;25;1
4343;25;1
4346;25;1
5228;25;1
5354;25;1
5446;25;1
5582;25;1
5590;25;1
5729;25;1
6427;25;1
7047;25;2
7054;25;1
7325;25;1
3345;26;1
162;27;2
1294;27;1
1700;27;3
1766;27;2
2089;27;1
2436;27;1
3378;27;2
7047;27;1
1700;28;2
3378;28;3
3697;28;1
3767;28;1
6637;28;1
7058;28;3
7079;28;1
5;29;1
68;29;2
82;29;1
89;29;1
142;29;1
143;29;1
145;29;1
174;29;1
208;29;1
213;29;1
231;29;1
248;29;1
252;29;7
285;29;1
378;29;1
384;29;1
387;29;1
395;29;1
399;29;1
417;29;1
459;29;1
471;29;1
543;29;6
547;29;1
548;29;1
553;29;1
592;29;1
617;29;1
619;29;1
644;29;1
671;29;2
674;29;4
696;29;1
753;29;2
763;29;1
769;29;1
783;29;2
871;29;2
898;29;1
965;29;1
987;29;1
991;29;1
1010;29;1
1091;29;3
1101;29;1
1116;29;1
1130;29;1
1199;29;1
1207;29;1
1265;29;1
1294;29;1
1305;29;1
1310;29;1
1324;29;1
1368;29;1
1374;29;1
1422;29;1
1439;29;3
1449;29;1
1520;29;1
1523;29;1
1537;29;1
1550;29;2
1579;29;1
1641;29;2
1669;29;1
1671;29;1
1673;29;2
1674;29;4
1697;29;1
1714;29;1
1820;29;2
1826;29;1
1960;29;5
1973;29;1
2014;29;1
2052;29;1
2082;29;2
2092;29;1
2093;29;1
2130;29;1
2221;29;1
2271;29;1
2286;29;1
2306;29;1
2333;29;1
2387;29;1
2414;29;1
2417;29;1
2436;29;1
2452;29;2
2453;29;7
2515;29;1
2680;29;1
2822;29;1
2865;29;1
2902;29;1
2918;29;1
2931;29;1
3051;29;5
3069;29;1
3081;29;1
3102;29;2
3124;29;2
3164;29;2
3171;29;3
3176;29;1
3207;29;1
3210;29;1
3239;29;1
3253;29;1
3333;29;1
3339;29;1
3375;29;1
3378;29;1
3433;29;1
3442;29;1
3494;29;1
3540;29;1
3664;29;1
3689;29;1
3697;29;1
3698;29;1
3862;29;1
3873;29;1
3884;29;3
4040;29;1
4083;29;1
4125;29;1
4135;29;1
4151;29;1
4180;29;1
4198;29;1
4300;29;1
4343;29;1
4344;29;1
4346;29;1
4347;29;1
4379;29;1
4390;29;1
4420;29;1
4436;29;1
4533;29;1
4658;29;3
4702;29;1
4722;29;1
4729;29;1
4741;29;2
4769;29;1
4783;29;1
4844;29;1
4877;29;1
4890;29;1
4900;29;2
4906;29;1
4942;29;1
5119;29;1
5223;29;1
5240;29;1
5308;29;1
5316;29;1
5329;29;1
5341;29;2
5354;29;1
5378;29;1
5399;29;2
5416;29;1
5419;29;1
5427;29;1
5454;29;1
5460;29;2
5462;29;1
5466;29;1
5489;29;1
5570;29;1
5582;29;1
5587;29;2
5600;29;1
5612;29;1
5622;29;1
5648;29;1
5649;29;1
5655;29;1
5729;29;1
5796;29;2
5823;29;1
5859;29;1
5890;29;1
5946;29;1
5960;29;2
5961;29;2
5991;29;1
6023;29;1
6026;29;1
6075;29;1
6141;29;1
6191;29;1
6302;29;1
6321;29;1
6346;29;1
6349;29;1
6379;29;2
6398;29;1
6410;29;1
6423;29;1
6427;29;1
6429;29;1
6492;29;1
6526;29;1
6551;29;1
6634;29;1
6713;29;1
6728;29;1
6758;29;2
6767;29;1
6798;29;1
6841;29;1
6844;29;1
6851;29;4
6911;29;1
6940;29;1
7046;29;1
7047;29;5
7048;29;5
7051;29;1
7054;29;1
7056;29;1
7058;29;3
7061;29;3
7065;29;1
7068;29;1
7069;29;7
7079;29;1
7132;29;1
7145;29;2
7262;29;1
7263;29;1
7306;29;1
7325;29;1
7409;29;1
7414;29;1
7546;29;1
7548;29;1
7565;29;1
7634;29;1
7664;29;1
7689;29;1
7694;29;1
7766;29;1
143;30;1
252;30;6
384;30;1
399;30;1
543;30;2
763;30;1
769;30;1
783;30;1
991;30;1
1101;30;1
1672;30;1
1674;30;2
1700;30;3
1960;30;5
1973;30;1
2005;30;1
2093;30;1
2221;30;1
2306;30;1
2387;30;1
2453;30;3
2513;30;1
3051;30;3
3102;30;1
3210;30;1
3433;30;1
3783;30;2
4198;30;1
4238;30;2
4300;30;1
4343;30;1
4346;30;1
4347;30;1
4877;30;2
5240;30;1
5329;30;1
5354;30;1
5399;30;2
5446;30;1
5466;30;1
5582;30;1
5961;30;1
6349;30;2
6398;30;1
7046;30;1
7058;30;4
7065;30;1
7069;30;2
7132;30;1
7306;30;1
7689;30;1
7766;30;1
5341;31;2
1669;32;2
6349;32;2
6963;32;3
31;33;1
34;33;1
68;33;2
82;33;1
89;33;1
142;33;1
158;33;1
162;33;1
164;33;1
213;33;1
248;33;1
252;33;10
317;33;1
395;33;1
460;33;1
485;33;2
486;33;1
543;33;4
547;33;1
553;33;1
592;33;2
619;33;2
644;33;1
653;33;1
674;33;1
680;33;1
695;33;1
696;33;2
725;33;1
753;33;2
769;33;1
783;33;2
898;33;1
931;33;1
933;33;1
987;33;1
991;33;1
1052;33;1
1091;33;4
1094;33;2
1130;33;1
1164;33;1
1199;33;1
1203;33;1
1207;33;2
1249;33;1
1255;33;1
1265;33;1
1294;33;1
1310;33;1
1335;33;1
1359;33;1
1378;33;1
1422;33;1
1439;33;1
1440;33;1
1449;33;1
1516;33;1
1533;33;1
1550;33;2
1579;33;1
1668;33;1
1671;33;1
1672;33;3
1673;33;1
1674;33;3
1700;33;9
1714;33;1
1722;33;1
1744;33;1
1766;33;1
1826;33;1
1835;33;1
1872;33;1
1894;33;1
1910;33;1
1960;33;12
1982;33;1
1993;33;2
2013;33;3
2014;33;1
2082;33;4
2091;33;1
2093;33;1
2123;33;2
2183;33;1
2190;33;1
2222;33;1
2260;33;1
2268;33;1
2286;33;1
2306;33;1
2350;33;1
2390;33;1
2402;33;1
2417;33;1
2436;33;1
2452;33;1
2453;33;7
2489;33;1
2528;33;1
2662;33;1
2670;33;1
2700;33;1
2705;33;1
2724;33;1
2822;33;2
2830;33;1
2865;33;1
2888;33;1
2891;33;1
2902;33;1
2970;33;1
2989;33;1
3005;33;1
3051;33;3
3059;33;1
3069;33;1
3081;33;3
3102;33;1
3142;33;1
3171;33;3
3207;33;1
3239;33;1
3333;33;1
3345;33;1
3378;33;4
3433;33;1
3438;33;1
3494;33;1
3560;33;1
3592;33;1
3674;33;1
3698;33;3
3767;33;1
3873;33;1
3884;33;1
4040;33;1
4083;33;1
4135;33;1
4151;33;1
4161;33;1
4217;33;2
4228;33;1
4231;33;1
4236;33;1
4344;33;1
4347;33;1
4363;33;1
4390;33;1
4405;33;1
4436;33;2
4444;33;1
4554;33;1
4595;33;1
4605;33;1
4658;33;3
4709;33;1
4710;33;1
4741;33;3
4746;33;1
4769;33;1
4785;33;2
4825;33;2
4857;33;1
4877;33;1
4906;33;1
4942;33;1
5038;33;1
5048;33;1
5110;33;1
5119;33;2
5191;33;1
5200;33;1
5223;33;1
5228;33;2
5288;33;1
5308;33;1
5316;33;1
5354;33;1
5355;33;1
5378;33;1
5399;33;1
5419;33;1
5446;33;1
5454;33;1
5462;33;1
5466;33;1
5468;33;1
5489;33;3
5517;33;1
5594;33;1
5600;33;1
5601;33;1
5607;33;1
5622;33;1
5649;33;1
5729;33;2
5806;33;1
5823;33;1
5946;33;1
5960;33;1
5961;33;1
5991;33;1
6057;33;1
6059;33;1
6071;33;1
6103;33;1
6202;33;1
6266;33;1
6267;33;1
6321;33;1
6346;33;1
6379;33;1
6393;33;1
6399;33;1
6400;33;1
6414;33;1
6429;33;1
6430;33;1
6482;33;1
6492;33;1
6526;33;1
6547;33;1
6551;33;1
6634;33;1
6713;33;1
6720;33;1
6758;33;2
6761;33;2
6767;33;1
6769;33;1
6784;33;1
6790;33;1
6798;33;1
6830;33;1
6851;33;3
6853;33;1
6875;33;1
6889;33;1
6911;33;1
6940;33;2
6963;33;1
7047;33;10
7048;33;5
7050;33;1
7051;33;3
7058;33;4
7061;33;3
7065;33;1
7069;33;9
7111;33;1
7144;33;1
7159;33;1
7202;33;1
7207;33;1
7219;33;1
7306;33;1
7312;33;1
7392;33;1
7409;33;1
7421;33;1
7481;33;1
7538;33;1
7581;33;1
7664;33;1
7689;33;1
7698;33;1
7722;33;1
7743;33;1
7759;33;1
7766;33;3
34;34;2
89;34;2
145;34;1
166;34;1
252;34;10
459;34;1
485;34;3
486;34;1
547;34;2
653;34;2
671;34;2
753;34;1
783;34;2
933;34;2
1091;34;2
1294;34;1
1304;34;1
1305;34;1
1633;34;2
1674;34;3
1700;34;6
1744;34;2
1800;34;1
1820;34;2
1960;34;3
2014;34;2
2082;34;2
2091;34;1
2093;34;1
2268;34;2
2350;34;1
2453;34;10
2528;34;3
2700;34;1
2705;34;2
2830;34;3
3049;34;2
3102;34;2
3378;34;4
3674;34;1
3698;34;2
3767;34;1
3884;34;2
4135;34;1
4344;34;1
4346;34;2
4365;34;2
4405;34;1
4584;34;1
4710;34;1
5243;34;1
5316;34;2
5466;34;2
5729;34;1
5961;34;2
6098;34;1
6401;34;1
6784;34;2
7047;34;10
7048;34;5
7050;34;1
7051;34;1
7054;34;2
7059;34;1
7065;34;1
7069;34;2
7111;34;1
7418;34;1
37;35;1
543;35;7
667;35;1
680;35;1
783;35;1
1058;35;1
1091;35;4
1116;35;1
1304;35;1
1579;35;1
1673;35;1
1700;35;6
1894;35;1
1973;35;1
2082;35;4
2091;35;1
2452;35;1
2528;35;1
2705;35;1
2713;35;1
2766;35;1
2830;35;1
3051;35;4
3186;35;1
3198;35;1
3345;35;1
3378;35;2
3586;35;1
3592;35;2
3594;35;1
4064;35;1
4228;35;1
4344;35;1
4412;35;1
4844;35;1
4877;35;1
5048;35;1
5223;35;1
5226;35;1
5228;35;1
5231;35;1
5399;35;1
5517;35;1
5594;35;1
5607;35;1
5859;35;1
6023;35;1
6098;35;1
6267;35;1
6321;35;1
6401;35;2
6429;35;1
6430;35;1
6482;35;1
6713;35;1
6767;35;1
6844;35;1
6940;35;1
6963;35;1
7047;35;5
7048;35;2
7050;35;1
7051;35;1
7054;35;1
7060;35;1
7069;35;3
7143;35;1
7159;35;1
7418;35;1
2970;36;1
3345;36;1
4412;36;1
5228;36;1
5729;36;1
5870;36;1
6442;36;1
6602;36;1
252;37;11
640;37;1
783;37;1
1091;37;2
1580;37;1
1700;37;1
2436;37;1
2452;37;1
2619;37;1
2700;37;1
2865;37;1
3051;37;3
3069;37;2
3767;37;1
3819;37;1
4344;37;1
5231;37;1
6435;37;1
6832;37;1
6968;37;1
7058;37;2
145;38;1
248;38;1
1700;38;1
3378;38;1
3697;38;1
3767;38;2
4344;38;1
7047;38;1
77;39;1
394;39;1
486;39;2
924;39;1
1038;39;1
1378;39;1
1579;39;1
1637;39;1
1699;39;1
1700;39;2
1902;39;1
2005;39;1
2082;39;2
2089;39;1
2092;39;1
2221;39;2
2436;39;1
2680;39;1
2700;39;1
3045;39;1
3051;39;4
3239;39;1
3340;39;2
3593;39;1
4064;39;1
4228;39;1
4343;39;1
4344;39;1
4346;39;1
4379;39;1
4399;39;1
4537;39;1
4877;39;1
5034;39;1
5341;39;2
5446;39;1
5472;39;1
5806;39;1
5859;39;1
6222;39;1
6580;39;1
6637;39;1
6713;39;1
6832;39;1
7159;39;1
7766;39;1
34;40;1
89;40;1
145;40;1
381;40;1
394;40;2
696;40;1
783;40;1
855;40;1
922;40;1
924;40;1
1101;40;1
1150;40;1
1294;40;1
1580;40;1
1639;40;1
1698;40;1
1700;40;4
1714;40;1
1890;40;1
2082;40;3
2293;40;1
2436;40;1
2452;40;1
2453;40;7
2680;40;1
2700;40;1
2830;40;1
3051;40;4
3124;40;1
3378;40;1
3592;40;1
3884;40;2
3944;40;1
4217;40;1
4344;40;1
5223;40;1
5240;40;1
5371;40;2
5729;40;2
5753;40;1
5961;40;1
6580;40;2
6650;40;1
6761;40;1
6767;40;1
6851;40;5
6963;40;1
7058;40;4
7263;40;1
7421;40;1
7759;40;1
399;41;1
1973;41;1
3051;41;1
4857;41;1
4877;41;2
7132;41;1
399;42;1
1633;42;2
1700;42;2
1973;42;1
2306;42;1
3051;42;1
3339;42;1
3378;42;1
4857;42;1
4877;42;2
5228;42;1
6321;42;1
7051;42;1
381;43;1
991;43;1
1910;43;1
2005;43;1
2093;43;1
2332;43;1
2489;43;1
3433;43;1
3944;43;1
4228;43;1
4343;43;1
4346;43;1
5582;43;1
5729;43;1
5753;43;1
1700;44;1
1766;44;1
1840;44;2
2091;44;1
2452;44;2
4769;44;1
4877;44;1
68;45;1
1633;45;1
1674;45;1
1700;45;2
1766;45;1
1902;45;1
1973;45;1
2014;45;1
2091;45;1
2306;45;1
2452;45;1
3051;45;2
3378;45;2
3383;45;1
3445;45;2
4027;45;1
4344;45;1
4769;45;1
5594;45;1
5648;45;1
6071;45;1
6321;45;1
7047;45;3
7068;45;1
156;47;1
838;47;1
991;47;1
1038;47;1
4064;47;1
4897;47;1
5427;47;1
5594;47;1
5970;47;1
544;48;1
838;48;1
991;48;1
1038;48;1
2436;48;1
3674;48;1
4796;48;1
5594;48;1
5970;48;1
7047;48;1
544;49;1
838;49;1
991;49;1
1038;49;1
2436;49;1
3674;49;1
5427;49;1
5594;49;1
5970;49;1
7047;49;1
1038;50;1
5594;50;1
5970;50;1
89;52;1
158;52;1
231;52;1
544;52;1
553;52;1
753;52;1
898;52;1
908;52;1
965;52;1
991;52;1
1054;52;1
1116;52;1
1368;52;1
1439;52;3
1537;52;1
1633;52;2
1634;52;1
1639;52;1
1700;52;1
1729;52;1
1910;52;1
2005;52;1
2221;52;1
2306;52;1
2332;52;1
2452;52;2
2489;52;1
2680;52;1
2700;52;1
2971;52;1
3210;52;1
3340;52;1
3380;52;1
3433;52;1
3438;52;1
3917;52;1
3944;52;2
4228;52;2
4300;52;1
4343;52;1
4344;52;1
4346;52;1
4347;52;1
4365;52;1
4379;52;1
4405;52;1
4769;52;1
4783;52;1
4877;52;2
5048;52;2
5160;52;1
5243;52;1
5316;52;1
5341;52;1
5446;52;1
5490;52;1
5582;52;1
5627;52;1
5753;52;1
5806;52;1
5885;52;1
5960;52;1
5961;52;2
6059;52;1
6150;52;1
6391;52;1
6399;52;1
6427;52;1
6429;52;1
6728;52;1
6832;52;1
6844;52;1
6851;52;2
6896;52;1
7047;52;4
7048;52;5
7058;52;3
7066;52;1
7067;52;1
7079;52;1
7159;52;1
7455;52;1
7498;52;1
7634;52;1
381;53;1
381;56;1
37;57;1
1579;57;1
1888;57;1
2452;57;1
3198;57;1
3917;57;1
4343;57;1
4877;57;1
5110;57;1
5228;57;1
6023;57;1
6098;57;1
6335;57;1
7046;57;1
7054;57;2
248;59;1
619;59;1
1674;59;1
1766;59;2
1902;59;1
2700;59;1
3051;59;1
3239;59;1
3339;59;1
3378;59;1
4344;59;1
5729;59;1
5753;59;1
7059;59;1
7060;59;1
619;60;1
753;60;2
1674;60;1
3433;60;1
4877;60;1
5288;60;1
6429;60;1
6851;60;1
7722;60;1
1579;61;1
2089;61;1
2569;61;2
1091;63;2
5504;63;1
6959;63;1
7047;63;2
924;64;1
1579;64;1
1985;64;1
2005;64;1
2089;64;1
2310;64;1
2452;64;1
4343;64;1
5446;64;1
5470;64;1
5587;64;1
6772;64;1
7478;64;1
544;65;1
3339;65;1
2700;66;1
3339;66;1
5240;66;1
248;67;1
381;67;1
395;67;1
667;67;1
753;67;1
851;67;1
1116;67;1
1143;67;2
1294;67;1
1632;67;1
1674;67;3
1700;67;2
1973;67;1
2082;67;2
2436;67;1
2489;67;1
2569;67;1
2700;67;1
2970;67;1
3239;67;2
3340;67;1
3378;67;1
3380;67;1
4099;67;2
4307;67;2
4844;67;1
4857;67;1
5663;67;1
5729;67;2
5806;67;1
6315;67;1
6321;67;1
6429;67;1
6713;67;1
6851;67;1
7047;67;2
7048;67;2
7051;67;1
7066;67;1
7159;67;1
7455;67;4
1579;68;1
1668;68;1
2093;68;1
5446;68;1
7159;68;1
7478;68;1
924;69;1
1239;69;1
1533;69;1
1700;69;7
2089;69;1
2092;69;1
2680;69;1
2700;69;1
3339;69;1
4344;69;1
4722;69;1
4769;69;1
5034;69;1
5806;69;1
6145;69;2
6938;69;1
7047;69;2
7048;69;4
924;70;1
1294;70;1
1579;70;1
1700;70;7
1724;70;1
2082;70;1
2089;70;1
2092;70;1
2680;70;1
3339;70;2
3433;70;1
3697;70;3
4343;70;1
4344;70;1
4379;70;1
4769;70;1
5034;70;1
5806;70;1
6772;70;1
6938;70;2
7047;70;6
7048;70;5
7061;70;1
7065;70;3
252;72;1
543;72;3
544;72;1
671;72;1
786;72;1
898;72;1
924;72;1
1058;72;1
1091;72;2
1116;72;1
1294;72;2
1674;72;4
1700;72;4
1888;72;1
1894;72;1
1989;72;1
2005;72;1
2091;72;1
2221;72;1
2452;72;1
2453;72;7
2680;72;1
2700;72;1
2865;72;1
3051;72;3
3190;72;1
3239;72;1
3339;72;1
3433;72;1
3944;72;1
4228;72;1
4300;72;1
4343;72;1
4346;72;1
4783;72;1
5160;72;1
5223;72;1
5262;72;1
5341;72;2
5427;72;1
5446;72;1
5462;72;1
5466;72;1
5622;72;1
5729;72;1
5961;72;1
6150;72;1
6243;72;1
6410;72;1
6429;72;1
6761;72;1
6832;72;1
6899;72;1
7004;72;1
7047;72;1
7048;72;4
7069;72;4
7360;72;2
318;73;1
1579;73;1
2005;73;1
2089;73;1
2569;73;1
3198;73;1
3389;73;1
5446;73;1
6959;73;1
7159;73;1
1579;74;1
2005;74;1
2089;74;1
2221;74;1
2569;74;1
2700;74;1
3198;74;1
3389;74;1
4228;74;1
4343;74;1
4722;74;2
5034;74;1
5446;74;1
6039;74;2
6391;74;1
6713;74;1
6959;74;1
7159;74;1
34;75;1
89;75;1
248;75;1
543;75;3
592;75;1
1163;75;2
1633;75;1
1674;75;1
1700;75;5
1973;75;1
2014;75;1
2082;75;3
2093;75;1
2452;75;2
2902;75;1
3051;75;4
3378;75;1
3808;75;1
3949;75;1
4161;75;1
4228;75;1
4436;75;1
4722;75;2
4844;75;2
5288;75;1
5517;75;1
5648;75;1
5729;75;1
7014;75;1
7047;75;1
7048;75;3
7081;75;1
7262;75;1
1633;76;1
1700;76;2
1902;76;1
3378;76;2
4722;76;1
7014;76;1
485;77;1
486;77;1
1633;77;1
1700;77;4
1766;77;2
1890;77;1
1902;77;1
2082;77;1
2700;77;1
3767;77;1
4344;77;1
4581;77;1
4722;77;3
4838;77;1
6772;77;1
7047;77;2
7048;77;3
3438;78;1
4399;78;2
5341;79;1
31;80;1
162;80;2
381;80;1
395;80;2
543;80;1
667;80;1
696;80;1
737;80;1
753;80;1
783;80;1
798;80;1
1632;80;1
1674;80;2
1700;80;5
1800;80;1
1960;80;3
1973;80;1
2005;80;1
2436;80;1
2452;80;1
2489;80;1
2528;80;1
2569;80;1
3051;80;4
3124;80;1
3239;80;1
3340;80;1
3378;80;1
3380;80;1
3767;80;1
3819;80;1
4099;80;1
4658;80;1
4844;80;1
4857;80;1
4863;80;1
5223;80;1
5354;80;1
5427;80;1
5454;80;1
5607;80;1
5648;80;1
5663;80;1
5729;80;2
5753;80;1
5806;80;1
5859;80;1
6399;80;1
6429;80;1
6453;80;1
6713;80;1
6851;80;3
7047;80;2
7048;80;3
7054;80;1
7060;80;2
7326;80;1
89;81;1
544;81;1
553;81;1
898;81;1
965;81;1
1054;81;1
1130;81;1
1439;81;2
1534;81;1
1537;81;1
1910;81;1
1973;81;1
2005;81;1
2489;81;1
2700;81;1
3210;81;1
3239;81;1
3380;81;1
3944;81;1
4138;81;1
4228;81;1
4399;81;1
4741;81;1
4844;81;1
4877;81;1
5160;81;1
5243;81;1
5446;81;1
5517;81;1
5961;81;2
6059;81;1
6551;81;1
6832;81;1
7047;81;2
7048;81;5
7079;81;1
34;82;1
252;82;10
381;82;1
459;82;1
543;82;3
753;82;1
783;82;1
786;82;1
898;82;1
924;82;1
991;82;1
1038;82;1
1058;82;1
1116;82;1
1306;82;1
1537;82;1
1579;82;1
1639;82;1
1672;82;1
1673;82;1
1674;82;5
1700;82;10
1766;82;1
1888;82;1
1894;82;1
1982;82;1
1985;82;1
2005;82;1
2007;82;1
2082;82;2
2091;82;1
2221;82;1
2332;82;1
2453;82;2
2528;82;1
2662;82;1
2680;82;1
2700;82;1
2865;82;1
2902;82;1
3051;82;4
3081;82;1
3339;82;1
3378;82;1
3380;82;1
3433;82;1
3697;82;1
3698;82;1
3767;82;1
3944;82;1
4064;82;1
4180;82;1
4228;82;1
4300;82;1
4343;82;1
4344;82;1
4346;82;1
4347;82;1
4365;82;1
4769;82;2
5048;82;1
5160;82;1
5223;82;1
5262;82;1
5341;82;2
5354;82;1
5399;82;1
5427;82;1
5446;82;1
5550;82;1
5582;82;1
5619;82;1
5961;82;2
6150;82;1
6202;82;1
6321;82;1
6398;82;1
6427;82;1
6429;82;1
6482;82;1
6551;82;1
6832;82;1
6851;82;2
6970;82;1
7004;82;1
7046;82;1
7047;82;3
7048;82;5
7054;82;2
7061;82;1
7065;82;2
7069;82;6
7077;82;1
7152;82;1
7159;82;1
7245;82;1
7360;82;1
34;83;1
252;83;10
378;83;1
398;83;1
459;83;1
485;83;1
525;83;1
543;83;6
544;83;1
667;83;1
783;83;1
786;83;1
898;83;1
924;83;1
991;83;1
1091;83;1
1255;83;1
1294;83;1
1306;83;1
1439;83;1
1460;83;1
1506;83;1
1533;83;1
1537;83;1
1579;83;1
1633;83;1
1674;83;5
1700;83;3
1894;83;1
1982;83;1
2005;83;1
2007;83;1
2091;83;1
2221;83;1
2271;83;1
2452;83;1
2453;83;3
2515;83;1
2634;83;1
2700;83;1
2790;83;1
2865;83;1
3051;83;2
3124;83;1
3239;83;1
3339;83;1
3380;83;1
3696;83;1
3697;83;1
4064;83;1
4300;83;1
4346;83;1
4515;83;1
4602;83;1
5048;83;1
5160;83;1
5265;83;1
5341;83;1
5427;83;1
5446;83;1
5594;83;1
5622;83;1
5729;83;1
5946;83;1
5961;83;1
6150;83;1
6321;83;1
6427;83;1
6482;83;1
6899;83;1
6963;83;2
7004;83;1
7047;83;1
7048;83;3
7054;83;1
7069;83;6
7077;83;1
7145;83;1
7159;83;1
7325;83;1
7360;83;1
252;84;4
398;84;3
459;84;1
525;84;2
543;84;5
547;84;1
667;84;1
898;84;1
924;84;1
965;84;1
1038;84;1
1091;84;2
1294;84;2
1306;84;1
1330;84;1
1374;84;1
1579;84;1
1605;84;1
1633;84;1
1639;84;1
1674;84;3
1700;84;9
1890;84;1
1982;84;1
2005;84;1
2082;84;2
2091;84;1
2221;84;1
2452;84;2
2453;84;6
2700;84;1
2865;84;2
3051;84;1
3176;84;1
3239;84;1
3339;84;1
3378;84;1
3380;84;1
3382;84;1
3690;84;1
3697;84;1
4163;84;2
4228;84;1
4300;84;1
4344;84;1
4346;84;1
4347;84;1
4365;84;1
4769;84;2
5048;84;1
5160;84;1
5223;84;1
5316;84;1
5341;84;1
5379;84;1
5399;84;2
5446;84;1
5466;84;1
5470;84;2
5550;84;1
5594;84;1
5622;84;1
5729;84;2
6267;84;1
6410;84;1
6427;84;1
6429;84;1
6832;84;1
6851;84;1
7046;84;1
7047;84;6
7048;84;3
7050;84;1
7054;84;2
7069;84;5
7128;84;2
7159;84;1
7360;84;1
252;85;11
398;85;1
459;85;1
543;85;4
544;85;1
898;85;1
924;85;1
1058;85;1
1091;85;2
1116;85;1
1199;85;1
1255;85;1
1306;85;1
1579;85;1
1639;85;1
1674;85;3
1700;85;4
1744;85;1
1894;85;1
2005;85;1
2082;85;1
2091;85;1
2221;85;1
2452;85;1
2453;85;10
2662;85;1
2865;85;2
2902;85;1
3081;85;1
3239;85;1
3282;85;1
3339;85;1
3884;85;3
4163;85;2
4228;85;1
4300;85;1
4343;85;1
4344;85;1
4346;85;1
4347;85;1
5160;85;1
5341;85;2
5399;85;1
5446;85;1
5462;85;1
5622;85;1
5961;85;3
6150;85;1
6267;85;1
6410;85;1
6427;85;1
6429;85;1
6761;85;1
6832;85;1
7047;85;1
7048;85;3
7054;85;1
7056;85;1
7065;85;1
7069;85;8
7159;85;1
7360;85;2
7766;85;1
143;86;1
252;86;8
378;86;1
398;86;2
459;86;1
483;86;1
543;86;4
544;86;1
547;86;1
671;86;2
786;86;1
898;86;1
924;86;1
955;86;1
1091;86;2
1255;86;1
1294;86;1
1306;86;1
1330;86;2
1439;86;3
1537;86;1
1579;86;1
1639;86;1
1641;86;1
1673;86;1
1674;86;5
1700;86;6
1744;86;1
1766;86;1
1888;86;1
1982;86;1
2005;86;1
2007;86;1
2082;86;2
2091;86;1
2093;86;1
2332;86;1
2452;86;2
2453;86;6
2509;86;1
2528;86;1
2662;86;2
2680;86;1
2700;86;1
2865;86;1
2881;86;1
2912;86;1
3051;86;3
3081;86;1
3239;86;1
3339;86;1
3378;86;1
3433;86;1
3588;86;1
3698;86;1
3767;86;1
3944;86;1
4201;86;1
4228;86;1
4300;86;1
4343;86;1
4344;86;1
4346;86;1
4365;86;1
4405;86;1
4783;86;1
5048;86;1
5160;86;1
5223;86;1
5262;86;1
5316;86;1
5341;86;1
5354;86;1
5399;86;1
5446;86;1
5462;86;1
5516;86;1
5550;86;1
5582;86;1
5619;86;1
5622;86;1
5946;86;1
5961;86;1
6150;86;1
6391;86;1
6399;86;1
6410;86;1
6427;86;1
6429;86;1
6605;86;1
6713;86;1
6761;86;2
6832;86;1
6851;86;2
6933;86;1
7046;86;1
7047;86;2
7048;86;5
7054;86;1
7065;86;3
7067;86;1
7069;86;7
7077;86;1
7145;86;1
7159;86;1
7360;86;2
7698;86;1
252;87;8
547;87;1
589;87;1
1700;87;2
2452;87;1
2453;87;3
4092;87;1
4335;87;1
5354;87;1
5946;87;2
6267;87;1
6434;87;1
7047;87;1
7048;87;2
252;88;6
398;88;1
459;88;1
483;88;1
543;88;1
544;88;1
547;88;1
589;88;1
671;88;1
786;88;1
898;88;1
924;88;1
955;88;1
1091;88;2
1116;88;1
1306;88;1
1439;88;3
1537;88;1
1579;88;1
1639;88;1
1674;88;3
1700;88;2
1888;88;1
1894;88;1
1989;88;1
2005;88;1
2007;88;1
2082;88;1
2091;88;1
2093;88;1
2452;88;2
2453;88;7
2662;88;1
2680;88;1
2865;88;1
3051;88;3
3239;88;1
3282;88;1
3339;88;1
3389;88;1
3433;88;1
3588;88;1
3593;88;1
3698;88;1
3808;88;1
3884;88;1
3944;88;1
3990;88;1
4135;88;3
4201;88;1
4228;88;1
4300;88;1
4343;88;1
4344;88;1
4346;88;1
4347;88;1
4602;88;1
4769;88;1
4783;88;1
5048;88;1
5160;88;1
5223;88;1
5262;88;1
5316;88;1
5341;88;1
5379;88;2
5399;88;1
5427;88;1
5446;88;1
5462;88;1
5550;88;1
5582;88;1
5619;88;1
5622;88;1
5729;88;1
5946;88;1
5961;88;2
6150;88;1
6391;88;1
6399;88;1
6410;88;1
6427;88;1
6429;88;1
6605;88;1
6761;88;2
6832;88;1
7004;88;1
7031;88;1
7047;88;2
7048;88;2
7054;88;1
7061;88;3
7065;88;2
7069;88;4
7145;88;2
7159;88;1
7360;88;2
7145;89;1
34;90;1
252;90;10
398;90;1
417;90;1
459;90;1
483;90;1
544;90;1
547;90;1
570;90;1
786;90;1
898;90;1
924;90;1
955;90;1
1091;90;3
1094;90;2
1255;90;1
1306;90;1
1335;90;1
1439;90;1
1467;90;1
1579;90;1
1639;90;1
1673;90;1
1674;90;3
1700;90;4
1982;90;1
2005;90;1
2082;90;1
2091;90;1
2332;90;1
2452;90;1
2453;90;3
2528;90;1
2700;90;1
2881;90;1
2902;90;1
3051;90;2
3239;90;1
3282;90;1
3339;90;1
3433;90;1
3588;90;1
3698;90;1
3819;90;1
3873;90;1
3884;90;1
3944;90;1
4228;90;1
4300;90;1
4343;90;1
4344;90;1
4672;90;1
4769;90;1
4942;90;1
5160;90;1
5262;90;1
5341;90;1
5399;90;1
5446;90;1
5462;90;1
5619;90;1
5946;90;1
5961;90;1
6023;90;1
6140;90;1
6150;90;1
6202;90;1
6410;90;1
6429;90;1
6551;90;1
6605;90;1
6761;90;1
6832;90;1
6911;90;1
7004;90;1
7047;90;2
7048;90;3
7054;90;1
7056;90;1
7065;90;2
7069;90;2
7145;90;2
7159;90;1
7360;90;1
7655;90;1
162;91;1
252;91;11
318;91;1
398;91;1
417;91;1
459;91;1
471;91;1
543;91;3
924;91;1
1058;91;1
1091;91;3
1294;91;1
1306;91;1
1352;91;1
1439;91;3
1537;91;1
1633;91;1
1674;91;5
1697;91;1
1700;91;7
1888;91;1
2005;91;1
2082;91;2
2091;91;1
2221;91;1
2332;91;1
2452;91;1
2515;91;1
2528;91;1
2634;91;1
2680;91;1
2881;91;1
3239;91;1
3282;91;1
3339;91;1
3433;91;1
3842;91;1
3849;91;1
4135;91;1
4228;91;1
4300;91;1
4343;91;1
4346;91;1
4365;91;1
4432;91;1
4515;91;1
4658;91;3
4672;91;1
4758;91;1
5160;91;1
5223;91;1
5227;91;1
5262;91;1
5316;91;1
5341;91;1
5399;91;1
5446;91;1
5462;91;1
5466;91;1
5550;91;1
5594;91;1
5961;91;2
6023;91;1
6150;91;1
6202;91;1
6267;91;1
6399;91;1
6410;91;1
6429;91;1
6605;91;1
6634;91;1
6832;91;1
6899;91;1
6911;91;1
7004;91;1
7031;91;1
7047;91;1
7048;91;5
7050;91;1
7054;91;1
7056;91;1
7061;91;1
7069;91;4
7145;91;2
7159;91;1
34;92;1
89;92;1
381;92;1
696;92;1
803;92;1
1101;92;1
1143;92;1
1305;92;1
1714;92;1
1973;92;1
2007;92;1
2435;92;1
2513;92;1
2822;92;1
2830;92;1
2970;92;1
3239;92;1
3378;92;1
3380;92;1
3445;92;1
3592;92;1
3683;92;1
3698;92;2
3819;92;1
3884;92;2
3944;92;1
4135;92;1
4344;92;1
4346;92;1
4379;92;1
5223;92;1
5341;92;3
5729;92;1
5797;92;1
5806;92;1
5917;92;1
6150;92;1
6453;92;1
6493;92;1
6538;92;1
6767;92;1
7047;92;5
7054;92;1
7058;92;4
7759;92;1
7766;92;1
89;93;1
378;93;1
398;93;3
459;93;1
483;93;1
485;93;1
543;93;2
544;93;1
671;93;1
783;93;2
924;93;1
955;93;2
991;93;1
1038;93;1
1255;93;1
1330;93;1
1439;93;3
1533;93;1
1579;93;1
1633;93;3
1673;93;1
1674;93;4
1700;93;5
1744;93;1
2005;93;1
2007;93;1
2082;93;2
2091;93;1
2141;93;1
2452;93;2
2453;93;8
2528;93;1
2680;93;1
2830;93;1
2865;93;1
3081;93;1
3113;93;2
3124;93;1
3176;93;1
3239;93;1
3378;93;2
3690;93;1
3767;93;2
3851;93;1
3884;93;3
3944;93;1
4139;93;1
4161;93;1
4300;93;1
4343;93;1
4344;93;1
4346;93;1
4347;93;1
4436;93;1
4515;93;1
4658;93;3
4758;93;1
5160;93;1
5223;93;1
5227;93;1
5316;93;1
5341;93;2
5379;93;1
5399;93;1
5446;93;1
5550;93;1
5622;93;1
5655;93;1
5729;93;1
5946;93;1
5961;93;3
6150;93;1
6346;93;1
6399;93;1
6410;93;1
6429;93;1
6605;93;1
6772;93;1
6832;93;1
7046;93;1
7047;93;5
7048;93;4
7054;93;1
7061;93;1
7065;93;3
7132;93;1
7159;93;1
7263;93;1
7325;93;2
7492;93;1
7698;93;1
7766;93;1
318;94;1
924;94;1
1116;94;1
1766;94;1
1894;94;1
2005;94;1
2089;94;1
2093;94;1
2221;94;1
2293;94;1
2444;94;1
2452;94;1
3382;94;1
4064;94;1
4228;94;1
4343;94;1
4722;94;1
5427;94;1
5446;94;1
7263;94;1
924;95;1
1579;95;1
2005;95;1
2089;95;1
2221;95;1
2452;95;1
2700;95;1
4228;95;1
4343;95;1
4722;95;1
6713;95;1
7159;95;1
924;96;1
1116;96;1
1199;96;1
1579;96;1
1668;96;1
1674;96;2
1894;96;1
2005;96;1
2089;96;1
2221;96;1
2310;96;1
2332;96;1
2565;96;1
4228;96;1
4343;96;1
5446;96;1
924;97;1
1324;97;1
1330;97;3
1579;97;1
1766;97;1
2005;97;1
2089;97;1
2093;97;1
2221;97;1
2452;97;1
2700;97;1
3433;97;1
4228;97;1
4722;97;1
5446;97;1
5772;97;1
7159;97;1
7492;97;2
924;98;1
1579;98;1
2005;98;1
2221;98;2
3433;98;1
4228;98;1
4343;98;1
4432;98;1
4722;98;1
5446;98;1
5470;98;1
7159;98;1
924;99;1
1579;99;1
2089;99;1
2221;99;1
2310;99;1
2452;99;1
4135;99;1
4228;99;1
4343;99;1
4432;99;1
4722;99;1
5446;99;1
924;100;1
1579;100;1
1766;100;1
1985;100;1
2005;100;1
2089;100;1
2221;100;1
2700;100;1
4228;100;1
5446;100;1
924;101;1
1579;101;1
1894;101;1
2221;101;1
2310;101;1
2452;101;1
4228;101;1
4343;101;1
4722;101;1
5318;101;1
5422;101;1
7159;101;1
7492;101;1
2005;102;1
2089;102;1
2221;102;1
2569;102;1
5446;102;1
6713;102;1
7159;102;1
7478;102;1
1579;103;1
2089;103;1
2700;103;1
3389;103;1
4343;103;1
5034;103;1
5446;103;1
6391;103;1
6398;103;1
7159;103;1
459;104;1
1700;104;1
1766;104;3
1894;104;1
2436;104;1
2452;104;1
2700;104;2
3204;104;1
3206;104;1
3305;104;1
4769;104;1
5354;104;1
5729;104;1
5772;104;1
6435;104;1
6832;104;1
7132;104;1
7326;104;1
31;105;1
544;105;1
1199;105;1
1579;105;1
1766;105;2
2005;105;1
2089;105;1
2700;105;1
2926;105;1
4343;105;1
4344;105;1
5427;105;1
5446;105;1
5583;105;1
6869;105;1
7144;105;1
7159;105;1
7418;105;1
430;108;1
915;108;1
938;108;1
1255;108;1
1267;108;1
1449;108;1
1962;108;1
2220;108;1
3287;108;1
4038;108;1
4152;108;1
4550;108;1
4754;108;1
6039;108;1
6059;108;1
7144;108;1
136;109;1
430;109;1
938;109;1
1267;109;1
6059;109;1
7144;109;1
991;110;1
1267;110;1
2667;110;1
4754;110;1
5578;110;1
6059;110;1
6529;110;1
1673;111;1
1960;111;5
6613;111;1
7069;111;2
5;113;3
100;113;1
127;113;1
235;113;2
254;113;1
341;113;1
397;113;1
421;113;1
433;113;1
438;113;1
445;113;2
534;113;1
559;113;1
594;113;1
647;113;1
702;113;1
745;113;1
774;113;1
822;113;1
836;113;1
947;113;3
1040;113;1
1055;113;2
1060;113;2
1223;113;1
1305;113;1
1385;113;1
1386;113;1
1401;113;1
1701;113;1
1748;113;2
1756;113;1
1792;113;1
1828;113;1
1908;113;1
1937;113;1
2055;113;1
2077;113;1
2128;113;1
2188;113;1
2192;113;1
2200;113;3
2210;113;1
2221;113;1
2300;113;1
2436;113;1
2457;113;1
2471;113;1
2473;113;1
2501;113;2
2504;113;1
2505;113;1
2569;113;1
2622;113;1
2648;113;1
2659;113;2
2949;113;1
2972;113;2
3045;113;2
3056;113;1
3074;113;1
3094;113;1
3130;113;1
3136;113;1
3304;113;1
3340;113;1
3419;113;1
3454;113;2
3497;113;1
3571;113;1
3830;113;1
3840;113;1
3881;113;3
3905;113;1
4010;113;2
4049;113;1
4079;113;1
4124;113;1
4199;113;1
4210;113;1
4298;113;1
4302;113;1
4353;113;1
4447;113;1
4455;113;1
4507;113;2
4617;113;1
4625;113;1
4701;113;1
4718;113;1
4761;113;1
4816;113;1
4915;113;1
4930;113;1
4962;113;1
4968;113;1
5024;113;1
5163;113;1
5264;113;1
5290;113;1
5382;113;1
5400;113;1
5428;113;1
5472;113;1
5658;113;1
5672;113;2
5677;113;1
5708;113;1
5720;113;1
5734;113;1
5742;113;1
5744;113;2
5825;113;1
5868;113;1
5877;113;3
5913;113;2
6001;113;1
6008;113;1
6096;113;1
6194;113;1
6249;113;1
6273;113;1
6280;113;1
6325;113;1
6370;113;2
6474;113;2
6483;113;1
6513;113;3
6515;113;1
6534;113;1
6561;113;1
6595;113;2
6732;113;1
6733;113;1
6807;113;1
6812;113;1
6851;113;3
6862;113;1
6961;113;3
6989;113;1
7009;113;1
7059;113;1
7072;113;1
7076;113;1
7208;113;2
7444;113;1
7494;113;1
7500;113;1
7510;113;1
7561;113;1
7605;113;1
7618;113;1
7651;113;1
7746;113;1
7762;113;1
5;114;1
173;114;1
180;114;1
255;114;1
341;114;1
433;114;1
457;114;1
478;114;1
534;114;1
588;114;2
1024;114;1
1040;114;1
1223;114;1
1305;114;1
1420;114;1
1638;114;1
1661;114;1
1681;114;1
1721;114;1
1773;114;1
1792;114;1
1861;114;1
1879;114;1
2169;114;2
2283;114;1
2287;114;1
2303;114;3
2334;114;2
2436;114;1
2457;114;1
2622;114;1
2659;114;2
2983;114;1
3045;114;1
3136;114;1
3326;114;1
3349;114;2
3398;114;1
3399;114;1
3467;114;1
3499;114;1
3515;114;1
3686;114;1
3796;114;1
3996;114;1
4353;114;1
4443;114;1
4489;114;1
4699;114;1
4761;114;2
5025;114;1
5050;114;1
5076;114;1
5096;114;1
5175;114;1
5194;114;1
5291;114;1
5428;114;2
5640;114;1
5772;114;1
5860;114;1
5877;114;1
5903;114;3
5928;114;1
5949;114;1
6003;114;1
6028;114;1
6035;114;1
6100;114;1
6115;114;1
6177;114;1
6216;114;1
6249;114;1
6367;114;1
6370;114;1
6588;114;1
6643;114;1
6727;114;1
6732;114;1
6807;114;1
7014;114;1
7103;114;1
7232;114;1
7292;114;2
7337;114;1
7432;114;1
7554;114;2
7587;114;1
7616;114;1
7739;114;1
385;115;1
1236;115;1
3141;115;1
7159;115;1
1236;116;1
5;117;1
9;117;1
123;117;1
212;117;1
233;117;1
255;117;1
295;117;1
297;117;1
341;117;1
347;117;2
364;117;2
421;117;1
424;117;1
497;117;1
502;117;1
534;117;1
543;117;1
547;117;1
649;117;1
663;117;1
671;117;2
699;117;2
969;117;1
1188;117;1
1295;117;1
1310;117;1
1341;117;1
1369;117;2
1420;117;1
1437;117;1
1490;117;1
1607;117;1
1673;117;1
1674;117;4
1728;117;1
1740;117;1
1747;117;1
1748;117;1
1785;117;1
1810;117;1
1846;117;1
1890;117;1
1977;117;1
2080;117;1
2168;117;1
2211;117;1
2270;117;1
2282;117;1
2290;117;1
2376;117;2
2405;117;3
2452;117;1
2453;117;2
2456;117;1
2467;117;1
2504;117;1
2523;117;2
2595;117;1
2623;117;1
2703;117;1
2779;117;1
2817;117;1
2831;117;1
3188;117;1
3384;117;1
3443;117;1
3523;117;1
3570;117;2
3612;117;1
3618;117;1
3761;117;1
3828;117;1
3945;117;1
3970;117;1
4164;117;1
4215;117;1
4385;117;1
4396;117;1
4408;117;1
4506;117;1
4528;117;1
4630;117;1
4634;117;2
4684;117;1
4791;117;1
4804;117;1
4859;117;1
4920;117;1
5138;117;2
5211;117;1
5242;117;1
5339;117;1
5382;117;1
5545;117;1
5627;117;1
5722;117;1
5774;117;1
5807;117;1
5809;117;1
5874;117;2
5894;117;1
5965;117;2
5981;117;1
6024;117;1
6090;117;1
6336;117;1
6599;117;1
6643;117;1
6739;117;1
6742;117;1
6799;117;1
6807;117;1
6929;117;1
6962;117;1
6986;117;1
7069;117;1
7238;117;1
7327;117;1
7329;117;1
7418;117;1
7425;117;1
7433;117;1
7443;117;1
7497;117;1
7596;117;1
7674;117;1
7742;117;1
9;118;3
10;118;1
197;118;1
255;118;1
297;118;2
364;118;2
424;118;1
534;118;1
543;118;2
547;118;1
599;118;1
671;118;2
699;118;1
768;118;2
819;118;2
879;118;3
897;118;2
1019;118;1
1091;118;3
1228;118;2
1318;118;1
1457;118;1
1477;118;2
1493;118;2
1673;118;1
1674;118;4
1701;118;2
1810;118;1
1846;118;1
1890;118;1
1960;118;10
2290;118;2
2415;118;1
2434;118;1
2453;118;3
2523;118;2
2776;118;1
3030;118;2
3051;118;2
3071;118;2
3124;118;1
3384;118;1
3523;118;1
3528;118;1
3761;118;1
3768;118;1
3785;118;1
3930;118;1
4215;118;1
4261;118;1
4289;118;1
4296;118;1
4396;118;1
4701;118;2
4762;118;1
4859;118;1
5019;118;1
5026;118;1
5138;118;2
5211;118;1
5533;118;2
5598;118;1
5807;118;3
5809;118;1
5861;118;2
5958;118;2
5961;118;2
6319;118;1
6336;118;1
6529;118;1
6581;118;2
6643;118;1
6807;118;1
6842;118;2
6888;118;1
6955;118;1
6989;118;1
7069;118;4
7473;118;1
7503;118;1
7511;118;1
7563;118;1
7640;118;2
7650;118;2
7674;118;1
7742;118;1
136;119;1
210;119;1
211;119;1
215;119;1
255;119;1
271;119;1
300;119;1
364;119;2
534;119;1
540;119;1
543;119;5
547;119;1
570;119;1
594;119;1
663;119;1
671;119;1
699;119;1
735;119;1
768;119;1
844;119;1
969;119;1
1024;119;1
1049;119;1
1091;119;1
1242;119;1
1252;119;1
1263;119;2
1294;119;1
1536;119;1
1629;119;1
1653;119;1
1659;119;1
1663;119;1
1701;119;3
1748;119;1
1783;119;1
1851;119;1
1887;119;1
1906;119;1
1937;119;1
1960;119;7
1973;119;1
2080;119;1
2168;119;1
2415;119;1
2445;119;1
2452;119;1
2453;119;7
2473;119;1
2501;119;2
2532;119;1
2601;119;1
2774;119;1
2988;119;1
3051;119;2
3095;119;2
3124;119;2
3252;119;1
3300;119;1
3384;119;1
3523;119;1
3745;119;1
3772;119;1
3828;119;1
3919;119;1
4050;119;1
4196;119;1
4296;119;1
4321;119;1
4324;119;1
4369;119;2
4396;119;1
4408;119;1
4431;119;1
4483;119;1
4593;119;1
4680;119;1
4974;119;2
5145;119;1
5211;119;1
5350;119;1
5627;119;1
5755;119;2
5801;119;1
5806;119;1
5807;119;2
5907;119;1
5961;119;3
6078;119;2
6152;119;1
6172;119;1
6257;119;1
6336;119;1
6348;119;1
6529;119;1
6786;119;1
6807;119;1
6842;119;1
6858;119;1
7069;119;2
7253;119;1
7327;119;1
7497;119;1
7563;119;1
7742;119;1
3015;120;1
3233;120;1
3851;120;1
5371;120;1
6039;120;1
6948;120;1
6959;120;2
7145;120;1
7492;120;2
1116;121;1
1207;121;1
1633;121;2
2052;121;1
2093;121;1
2865;121;1
4722;121;2
5228;121;1
97;122;1
142;122;1
174;122;1
252;122;5
331;122;1
389;122;1
435;122;1
526;122;1
543;122;1
1018;122;1
1068;122;1
1199;122;1
1214;122;1
1306;122;1
1310;122;1
1506;122;1
1580;122;2
1633;122;1
1735;122;1
1741;122;3
1744;122;1
1950;122;1
1960;122;4
2005;122;1
2052;122;1
2067;122;1
2093;122;1
2436;122;1
2453;122;2
2496;122;1
2497;122;1
2506;122;1
2630;122;1
2830;122;1
2874;122;1
2980;122;1
3014;122;1
3045;122;1
3176;122;1
3185;122;1
3204;122;1
3206;122;1
3275;122;1
3332;122;4
3389;122;1
3580;122;1
3598;122;1
3734;122;1
3960;122;1
4043;122;1
4046;122;1
4125;122;1
4139;122;1
4228;122;1
4243;122;2
4257;122;3
4266;122;1
4341;122;2
4343;122;1
4344;122;1
4414;122;1
4432;122;1
4484;122;1
4600;122;1
4729;122;1
4766;122;1
4867;122;1
4877;122;1
4969;122;2
5008;122;1
5228;122;1
5233;122;1
5240;122;1
5371;122;3
5419;122;1
5422;122;1
5449;122;1
5621;122;1
5677;122;1
5763;122;1
5806;122;1
5924;122;1
5936;122;4
6000;122;1
6141;122;4
6215;122;1
6321;122;1
6643;122;4
6761;122;1
6772;122;1
6807;122;1
6832;122;1
6846;122;1
6869;122;1
6948;122;1
6959;122;1
7069;122;1
7145;122;1
7159;122;1
7292;122;4
7310;122;1
7315;122;2
7444;122;1
7490;122;1
7723;122;3
254;123;2
3124;123;1
3469;123;1
4043;123;1
4243;123;4
4343;123;1
4473;123;2
4877;123;1
5050;123;1
5697;123;1
6772;123;2
7292;123;1
1620;124;2
1735;124;2
2005;124;1
3033;124;1
3046;124;1
3048;124;1
4248;124;1
4794;124;1
5008;124;1
5228;124;2
5371;124;1
5677;124;1
5763;124;1
6215;124;2
6442;124;1
6772;124;1
6801;124;2
6842;124;1
7145;124;1
7411;124;1
5371;125;3
1207;126;2
2005;126;1
2093;126;1
3511;126;1
3564;126;1
3580;126;2
3014;127;1
6215;127;1
6660;127;1
7069;127;3
5;128;1
255;128;1
1274;128;1
1594;128;1
1633;128;1
1747;128;1
1950;128;1
2005;128;1
2117;128;1
2842;128;1
3014;128;1
3048;128;1
3469;128;1
4144;128;1
4344;128;1
4794;128;1
4955;128;1
6215;128;2
6772;128;2
6807;128;1
6934;128;1
7059;128;1
433;129;1
544;129;1
546;129;1
1116;129;1
1199;129;1
1506;129;1
1578;129;1
1580;129;1
1613;129;1
1674;129;3
1894;129;1
1895;129;1
2005;129;1
2052;129;1
2436;129;1
2452;129;2
2569;129;1
2630;129;1
2807;129;1
3014;129;1
3124;129;2
3141;129;1
3340;129;1
3352;129;1
3697;129;1
3767;129;2
4064;129;1
4266;129;1
4343;129;1
4344;129;1
4877;129;1
5639;129;1
5697;129;1
5924;129;1
5970;129;1
6126;129;1
6321;129;1
6384;129;1
6427;129;1
6429;129;1
6761;129;1
6832;129;1
6948;129;2
7046;129;1
7159;129;1
7263;129;1
7292;129;2
7310;129;1
7312;129;2
7578;129;1
2005;130;1
4794;130;1
5371;130;3
5371;131;3
5371;132;2
5;133;1
37;133;1
145;133;1
252;133;11
255;133;1
259;133;1
435;133;1
460;133;1
543;133;1
544;133;1
547;133;1
553;133;1
908;133;1
1091;133;4
1138;133;1
1198;133;1
1274;133;1
1310;133;2
1343;133;1
1431;133;1
1537;133;1
1580;133;1
1595;133;1
1627;133;1
1673;133;1
1674;133;2
1701;133;1
1747;133;1
1771;133;1
1894;133;1
1960;133;10
1982;133;1
2005;133;1
2053;133;3
2065;133;1
2068;133;1
2452;133;1
2453;133;2
2545;133;1
2662;133;1
2675;133;1
2830;133;1
2902;133;1
2926;133;1
2980;133;1
3000;133;2
3051;133;2
3124;133;2
3141;133;1
3176;133;1
3210;133;1
3274;133;1
3335;133;1
3340;133;1
3384;133;1
3588;133;1
3674;133;1
3696;133;1
3983;133;1
4064;133;1
4152;133;1
4211;133;1
4296;133;1
4300;133;3
4325;133;1
4343;133;1
4344;133;1
4414;133;1
4420;133;1
4684;133;1
4741;133;1
4794;133;1
4915;133;1
5133;133;1
5160;133;1
5262;133;1
5357;133;1
5371;133;2
5427;133;1
5466;133;1
5619;133;1
5662;133;1
5720;133;1
5772;133;1
5924;133;1
5960;133;1
5961;133;2
6091;133;1
6321;133;2
6345;133;1
6427;133;1
6429;133;1
6430;133;1
6585;133;1
6807;133;1
6844;133;1
6851;133;3
6911;133;3
6948;133;1
7048;133;2
7056;133;1
7064;133;1
7069;133;10
7145;133;1
7263;133;1
7306;133;1
7312;133;1
7313;133;1
7443;133;1
7452;133;1
7498;133;1
7507;133;1
7578;133;1
110;134;2
142;134;1
145;134;1
252;134;9
255;134;1
385;134;1
398;134;1
485;134;1
486;134;1
553;134;1
699;134;1
944;134;1
1091;134;4
1176;134;1
1198;134;2
1236;134;1
1255;134;1
1305;134;1
1523;134;1
1608;134;1
1627;134;2
1674;134;2
1701;134;2
1907;134;1
1960;134;10
1989;134;2
2053;134;1
2270;134;1
2314;134;1
2363;134;1
2436;134;1
2437;134;1
2453;134;4
2757;134;1
2815;134;1
2881;134;1
3000;134;1
3051;134;4
3064;134;1
3081;134;1
3305;134;1
3378;134;2
3384;134;2
3470;134;1
3517;134;1
3588;134;1
3696;134;1
3697;134;1
3819;134;2
3983;134;1
4228;134;1
4296;134;1
4300;134;2
4600;134;1
4684;134;1
5326;134;1
5428;134;1
5681;134;1
5697;134;1
5772;134;1
5924;134;1
5946;134;1
5961;134;1
6059;134;1
6065;134;1
6091;134;1
6321;134;1
6391;134;1
6430;134;1
6761;134;1
6832;134;1
6842;134;1
6844;134;1
6911;134;1
6948;134;1
7022;134;1
7055;134;4
7056;134;2
7064;134;1
7069;134;10
7085;134;1
7306;134;1
7312;134;2
7313;134;1
7418;134;1
7550;134;1
7578;134;1
37;135;1
252;135;9
259;135;1
381;135;1
460;135;1
528;135;1
540;135;1
603;135;1
898;135;1
908;135;1
991;135;1
1310;135;1
1523;135;1
1537;135;1
1561;135;1
1771;135;1
2068;135;1
2545;135;1
2845;135;1
3051;135;1
3124;135;2
3164;135;1
3589;135;2
4043;135;1
4152;135;1
4248;135;1
4877;135;1
5138;135;1
5371;135;2
5416;135;1
5466;135;1
5578;135;1
5662;135;1
5805;135;1
5957;135;1
5960;135;1
5961;135;5
6391;135;1
6430;135;1
6767;135;1
6872;135;1
7069;135;2
7247;135;2
7312;135;1
